{
	"credit": "Made with Blockbench",
	"textures": {
		"8": "blocks/wool_colored_red",
		"particle": "blocks/bed_head_top",
		"top": "blocks/bed_head_top",
		"bottom": "blocks/planks_oak",
		"end": "blocks/bed_head_end",
		"side": "blocks/bed_head_side"
	},
	"elements": [
		{
			"from": [0, 0, 0],
			"to": [16, 9, 16],
			"faces": {
				"east": {"uv": [16, 7, 0, 16], "texture": "#side"},
				"south": {"uv": [0, 7, 16, 16], "texture": "#end"},
				"west": {"uv": [0, 7, 16, 16], "texture": "#side"},
				"up": {"uv": [0, 16, 16, 0], "rotation": 90, "texture": "#top"}
			}
		},
		{
			"from": [0, 3, 0],
			"to": [16, 3, 16],
			"faces": {
				"down": {"uv": [0, 0, 16, 16], "texture": "#bottom"}
			}
		},
		{
			"from": [0, 9, 2],
			"to": [1, 9.2, 8],
			"faces": {
				"north": {"uv": [7, 0, 8, 0.2], "texture": "#top"},
				"east": {"uv": [2, 0, 8, 0.2], "texture": "#top"},
				"south": {"uv": [2, 0, 3, 0.2], "texture": "#top"},
				"west": {"uv": [2, 0, 8, 0.2], "texture": "#top"},
				"up": {"uv": [2, 0, 8, 1], "texture": "#top"},
				"down": {"uv": [2, 0, 7, 1], "texture": "#top"}
			}
		},
		{
			"from": [1, 9, 1],
			"to": [2, 9.2, 2],
			"faces": {
				"north": {"uv": [1, 1, 2, 1.5], "texture": "#top"},
				"east": {"uv": [1, 1, 2, 1.5], "texture": "#top"},
				"south": {"uv": [1, 1, 2, 1.5], "texture": "#top"},
				"west": {"uv": [1, 1, 2, 1.5], "texture": "#top"},
				"up": {"uv": [1, 1, 2, 2], "texture": "#top"},
				"down": {"uv": [1, 1, 2, 2], "texture": "#top"}
			}
		},
		{
			"from": [5, 9, 1],
			"to": [6, 9.2, 2],
			"faces": {
				"north": {"uv": [1, 5, 2, 5.5], "texture": "#top"},
				"east": {"uv": [1, 5, 2, 5.5], "texture": "#top"},
				"south": {"uv": [1, 5, 2, 6], "texture": "#top"},
				"west": {"uv": [1, 5, 2, 5.5], "texture": "#top"},
				"up": {"uv": [1, 5, 2, 6], "texture": "#top"},
				"down": {"uv": [1, 5, 2, 6], "texture": "#top"}
			}
		},
		{
			"from": [13, 9, 0],
			"to": [14, 9.2, 1],
			"faces": {
				"north": {"uv": [1, 14, 2, 14.2], "texture": "#top"},
				"east": {"uv": [1, 14, 2, 14.2], "texture": "#top"},
				"south": {"uv": [1, 14, 2, 14.2], "texture": "#top"},
				"west": {"uv": [1, 14, 2, 14.2], "texture": "#top"},
				"up": {"uv": [1, 14, 2, 15], "texture": "#top"},
				"down": {"uv": [1, 14, 2, 15], "texture": "#top"}
			}
		},
		{
			"from": [14, 9, 1],
			"to": [15, 9.2, 2],
			"faces": {
				"north": {"uv": [1, 14, 2, 14.2], "texture": "#top"},
				"east": {"uv": [1, 14, 2, 14.2], "texture": "#top"},
				"south": {"uv": [1, 14, 2, 14.2], "texture": "#top"},
				"west": {"uv": [1, 14, 2, 14.2], "texture": "#top"},
				"up": {"uv": [1, 14, 2, 15], "texture": "#top"},
				"down": {"uv": [1, 14, 2, 15], "texture": "#top"}
			}
		},
		{
			"from": [15, 9, 2],
			"to": [16, 9.2, 8],
			"faces": {
				"north": {"uv": [7, 15, 8, 15.2], "texture": "#top"},
				"east": {"uv": [2, 15.8, 8, 16], "texture": "#top"},
				"south": {"uv": [2, 15, 3, 15.2], "texture": "#top"},
				"west": {"uv": [2, 15.8, 8, 16], "texture": "#top"},
				"up": {"uv": [2, 15, 8, 16], "texture": "#top"},
				"down": {"uv": [2, 15, 7, 16], "texture": "#top"}
			}
		},
		{
			"from": [6, 9, 2],
			"to": [8, 9.2, 3],
			"faces": {
				"north": {"uv": [2, 7, 3, 7.2], "texture": "#top"},
				"east": {"uv": [2, 6, 3, 6.2], "texture": "#top"},
				"south": {"uv": [2, 7, 3, 7.2], "texture": "#top"},
				"west": {"uv": [2, 7, 3, 7.2], "texture": "#top"},
				"up": {"uv": [2, 6, 3, 8], "texture": "#top"},
				"down": {"uv": [2, 6, 3, 8], "texture": "#top"}
			}
		},
		{
			"from": [8, 9, 3],
			"to": [10, 9.2, 4],
			"faces": {
				"north": {"uv": [4, 11, 5, 11.2], "texture": "#top"},
				"east": {"uv": [0, 0, 1, 0.2], "texture": "#top"},
				"south": {"uv": [4, 10, 5, 10.2], "texture": "#top"},
				"west": {"uv": [4, 11, 5, 11.2], "texture": "#top"},
				"up": {"uv": [4, 10, 5, 12], "texture": "#top"},
				"down": {"uv": [4, 10, 5, 12], "texture": "#top"}
			}
		},
		{
			"from": [10, 9, 4],
			"to": [12, 9.2, 5],
			"faces": {
				"north": {"uv": [4, 11, 5, 11.2], "texture": "#top"},
				"east": {"uv": [4, 10, 5, 10.2], "texture": "#top"},
				"south": {"uv": [4, 10, 5, 10.2], "texture": "#top"},
				"west": {"uv": [4, 11, 5, 11.2], "texture": "#top"},
				"up": {"uv": [4, 10, 5, 12], "texture": "#top"},
				"down": {"uv": [4, 10, 5, 12], "texture": "#top"}
			}
		},
		{
			"from": [12, 9, 1],
			"to": [13, 9.2, 4],
			"faces": {
				"north": {"uv": [3, 13, 4, 13.2], "texture": "#top"},
				"east": {"uv": [1, 12, 4, 12.2], "texture": "#top"},
				"south": {"uv": [1, 13, 2, 13.2], "texture": "#top"},
				"west": {"uv": [1, 13, 4, 13.2], "texture": "#top"},
				"up": {"uv": [1, 12, 4, 13], "texture": "#top"},
				"down": {"uv": [1, 12, 4, 13], "texture": "#top"}
			}
		},
		{
			"from": [2, 9, 0],
			"to": [5, 9.2, 1],
			"faces": {
				"north": {"uv": [0, 2, 1, 4.5], "texture": "#top"},
				"east": {"uv": [0, 4, 1, 4.5], "texture": "#top"},
				"south": {"uv": [0, 2, 1, 4.5], "texture": "#top"},
				"west": {"uv": [0, 2, 1, 2.5], "texture": "#top"},
				"up": {"uv": [0, 2, 1, 5], "texture": "#top"},
				"down": {"uv": [0, 2, 1, 5], "texture": "#top"}
			}
		},
		{
			"from": [5, 9, 0],
			"to": [6, 10, 1],
			"faces": {
				"north": {"uv": [14, 0, 15, 1], "texture": "#top"},
				"east": {"uv": [14, 0, 15, 1], "texture": "#top"},
				"south": {"uv": [14, 0, 15, 1], "texture": "#top"},
				"west": {"uv": [14, 0, 15, 1], "texture": "#top"},
				"up": {"uv": [14, 0, 15, 1], "texture": "#top"},
				"down": {"uv": [14, 0, 15, 1], "texture": "#top"}
			}
		},
		{
			"from": [5, 10, 0],
			"to": [6, 11, 1],
			"faces": {
				"north": {"uv": [14, 2, 15, 3], "texture": "#top"},
				"east": {"uv": [14, 2, 15, 3], "texture": "#top"},
				"south": {"uv": [14, 2, 15, 3], "texture": "#top"},
				"west": {"uv": [14, 2, 15, 3], "texture": "#top"},
				"up": {"uv": [14, 2, 15, 3], "texture": "#top"},
				"down": {"uv": [14, 2, 15, 3], "texture": "#top"}
			}
		},
		{
			"from": [10, 10, 0],
			"to": [11, 11, 1],
			"faces": {
				"north": {"uv": [14, 2, 15, 3], "texture": "#top"},
				"east": {"uv": [14, 2, 15, 3], "texture": "#top"},
				"south": {"uv": [14, 2, 15, 3], "texture": "#top"},
				"west": {"uv": [14, 2, 15, 3], "texture": "#top"},
				"up": {"uv": [14, 2, 15, 3], "texture": "#top"},
				"down": {"uv": [14, 2, 15, 3], "texture": "#top"}
			}
		},
		{
			"from": [6, 10, 1],
			"to": [10, 11, 2],
			"faces": {
				"north": {"uv": [13, 2, 14, 3], "texture": "#top"},
				"east": {"uv": [13, 2, 14, 3], "texture": "#top"},
				"south": {"uv": [13, 2, 14, 3], "texture": "#top"},
				"west": {"uv": [13, 2, 14, 3], "texture": "#top"},
				"up": {"uv": [13, 2, 14, 3], "texture": "#top"},
				"down": {"uv": [13, 2, 14, 3], "texture": "#top"}
			}
		},
		{
			"from": [10, 9, 0],
			"to": [11, 10, 1],
			"faces": {
				"north": {"uv": [14, 0, 15, 1], "texture": "#top"},
				"east": {"uv": [14, 0, 15, 1], "texture": "#top"},
				"south": {"uv": [14, 0, 15, 1], "texture": "#top"},
				"west": {"uv": [14, 0, 15, 1], "texture": "#top"},
				"up": {"uv": [14, 0, 15, 1], "texture": "#top"},
				"down": {"uv": [14, 0, 15, 1], "texture": "#top"}
			}
		},
		{
			"from": [6, 9, 1],
			"to": [10, 10, 2],
			"faces": {
				"north": {"uv": [14, 0, 15, 1], "texture": "#top"},
				"east": {"uv": [14, 0, 15, 1], "texture": "#top"},
				"south": {"uv": [14, 0, 15, 1], "texture": "#top"},
				"west": {"uv": [14, 0, 15, 1], "texture": "#top"},
				"up": {"uv": [14, 0, 15, 1], "texture": "#top"},
				"down": {"uv": [14, 0, 15, 1], "texture": "#top"}
			}
		},
		{
			"from": [6, 11, 0],
			"to": [10, 12, 1],
			"faces": {
				"north": {"uv": [0, 0, 1, 1], "rotation": 180, "texture": "#8"},
				"east": {"uv": [0, 0, 1, 1], "texture": "#8"},
				"south": {"uv": [0, 0, 1, 1], "texture": "#8"},
				"west": {"uv": [0, 0, 1, 1], "rotation": 270, "texture": "#8"},
				"up": {"uv": [0, 0, 1, 1], "texture": "#8"},
				"down": {"uv": [0, 0, 1, 1], "rotation": 270, "texture": "#8"}
			}
		},
		{
			"from": [6, 12, 0],
			"to": [10, 13, 1],
			"faces": {
				"north": {"uv": [1, 1, 5, 2], "texture": "#8"},
				"east": {"uv": [2, 1, 3, 2], "texture": "#8"},
				"south": {"uv": [1, 1, 5, 2], "texture": "#8"},
				"west": {"uv": [1, 1, 2, 2], "rotation": 270, "texture": "#8"},
				"up": {"uv": [1, 1, 5, 2], "texture": "#8"},
				"down": {"uv": [1, 1, 5, 2], "texture": "#8"}
			}
		},
		{
			"from": [7, 12, 1],
			"to": [9, 13, 2],
			"faces": {
				"north": {"uv": [1, 1, 5, 2], "texture": "#8"},
				"east": {"uv": [2, 1, 3, 2], "texture": "#8"},
				"south": {"uv": [1, 1, 5, 2], "texture": "#8"},
				"west": {"uv": [1, 1, 2, 2], "rotation": 270, "texture": "#8"},
				"up": {"uv": [1, 1, 5, 2], "texture": "#8"},
				"down": {"uv": [1, 1, 5, 2], "texture": "#8"}
			}
		},
		{
			"from": [7, 13, 0],
			"to": [9, 16, 1],
			"faces": {
				"north": {"uv": [1, 1, 5, 2], "texture": "#8"},
				"east": {"uv": [2, 1, 3, 2], "texture": "#8"},
				"south": {"uv": [1, 1, 5, 2], "texture": "#8"},
				"west": {"uv": [1, 1, 2, 2], "rotation": 270, "texture": "#8"},
				"up": {"uv": [1, 1, 5, 2], "texture": "#8"},
				"down": {"uv": [1, 1, 5, 2], "texture": "#8"}
			}
		},
		{
			"from": [7, 13, 1],
			"to": [9, 14, 3],
			"faces": {
				"north": {"uv": [1, 1, 5, 2], "texture": "#8"},
				"east": {"uv": [2, 1, 3, 2], "texture": "#8"},
				"south": {"uv": [1, 1, 5, 2], "texture": "#8"},
				"west": {"uv": [1, 1, 2, 2], "rotation": 270, "texture": "#8"},
				"up": {"uv": [1, 1, 5, 2], "texture": "#8"},
				"down": {"uv": [1, 1, 5, 2], "texture": "#8"}
			}
		},
		{
			"from": [7, 14, 1],
			"to": [9, 15, 3],
			"faces": {
				"north": {"uv": [1, 1, 5, 2], "texture": "#8"},
				"east": {"uv": [2, 1, 3, 2], "texture": "#8"},
				"south": {"uv": [1, 1, 5, 2], "texture": "#8"},
				"west": {"uv": [1, 1, 2, 2], "rotation": 270, "texture": "#8"},
				"up": {"uv": [1, 1, 5, 2], "texture": "#8"},
				"down": {"uv": [1, 1, 5, 2], "texture": "#8"}
			}
		},
		{
			"from": [7, 13, 3],
			"to": [9, 14, 5],
			"faces": {
				"north": {"uv": [14, 3, 15, 4], "texture": "#top"},
				"east": {"uv": [14, 3, 15, 4], "texture": "#top"},
				"south": {"uv": [14, 3, 15, 4], "texture": "#top"},
				"west": {"uv": [14, 3, 15, 4], "texture": "#top"},
				"up": {"uv": [14, 3, 15, 4], "texture": "#top"},
				"down": {"uv": [14, 3, 15, 4], "texture": "#top"}
			}
		},
		{
			"from": [7, 10, 3],
			"to": [9, 11, 4],
			"faces": {
				"north": {"uv": [14, 3, 15, 4], "texture": "#top"},
				"east": {"uv": [14, 3, 15, 4], "texture": "#top"},
				"south": {"uv": [14, 3, 15, 4], "texture": "#top"},
				"west": {"uv": [14, 3, 15, 4], "texture": "#top"},
				"up": {"uv": [14, 3, 15, 4], "texture": "#top"},
				"down": {"uv": [14, 3, 15, 4], "texture": "#top"}
			}
		},
		{
			"from": [7, 11, 4],
			"to": [9, 13, 5],
			"faces": {
				"north": {"uv": [14, 3, 15, 4], "texture": "#top"},
				"east": {"uv": [14, 3, 15, 4], "texture": "#top"},
				"south": {"uv": [14, 3, 15, 4], "texture": "#top"},
				"west": {"uv": [14, 3, 15, 4], "texture": "#top"},
				"up": {"uv": [14, 3, 15, 4], "texture": "#top"},
				"down": {"uv": [14, 3, 15, 4], "texture": "#top"}
			}
		},
		{
			"from": [7, 11, 2],
			"to": [9, 13, 3],
			"faces": {
				"north": {"uv": [14, 3, 15, 4], "texture": "#top"},
				"east": {"uv": [14, 3, 15, 4], "texture": "#top"},
				"south": {"uv": [14, 3, 15, 4], "texture": "#top"},
				"west": {"uv": [14, 3, 15, 4], "texture": "#top"},
				"up": {"uv": [14, 3, 15, 4], "texture": "#top"},
				"down": {"uv": [14, 3, 15, 4], "texture": "#top"}
			}
		},
		{
			"from": [7, 11, 3],
			"to": [9, 13, 4],
			"faces": {
				"north": {"uv": [13, 4, 14, 5], "texture": "#top"},
				"east": {"uv": [13, 4, 14, 5], "texture": "#top"},
				"south": {"uv": [13, 4, 14, 5], "texture": "#top"},
				"west": {"uv": [13, 4, 14, 5], "texture": "#top"},
				"up": {"uv": [13, 4, 14, 5], "texture": "#top"},
				"down": {"uv": [13, 4, 14, 5], "texture": "#top"}
			}
		},
		{
			"from": [0, 9, 15],
			"to": [1, 14, 16],
			"faces": {
				"north": {"uv": [0, 0, 1, 3], "texture": "#bottom"},
				"east": {"uv": [0, 0, 1, 3], "texture": "#bottom"},
				"south": {"uv": [0, 0, 1, 3], "texture": "#bottom"},
				"west": {"uv": [0, 0, 1, 3], "texture": "#bottom"},
				"up": {"uv": [0, 0, 1, 1], "texture": "#bottom"},
				"down": {"uv": [0, 0, 1, 1], "texture": "#bottom"}
			}
		},
		{
			"from": [15, 9, 15],
			"to": [16, 14, 16],
			"faces": {
				"north": {"uv": [0, 0, 1, 3], "texture": "#bottom"},
				"east": {"uv": [1, 0, 2, 3], "texture": "#bottom"},
				"south": {"uv": [0, 0, 1, 3], "texture": "#bottom"},
				"west": {"uv": [0, 0, 1, 3], "texture": "#bottom"},
				"up": {"uv": [0, 0, 1, 1], "texture": "#bottom"},
				"down": {"uv": [0, 0, 1, 1], "texture": "#bottom"}
			}
		},
		{
			"from": [1, 12, 15],
			"to": [15, 13, 16],
			"faces": {
				"north": {"uv": [0, 0, 14, 1], "texture": "#bottom"},
				"east": {"uv": [0, 0, 1, 1], "texture": "#bottom"},
				"south": {"uv": [0, 0, 14, 1], "texture": "#bottom"},
				"west": {"uv": [0, 0, 1, 1], "texture": "#bottom"},
				"up": {"uv": [0, 0, 14, 1], "texture": "#bottom"},
				"down": {"uv": [0, 0, 14, 1], "texture": "#bottom"}
			}
		}
	],
	"groups": [
		0,
		1,
		{
			"name": "group",
			"origin": [0, 0, 0],
			"color": 0,
			"children": [2, 3, 4, 5, 6, 7, 8, 9, 10, 11, 12]
		},
		{
			"name": "hat base",
			"origin": [0, 0, 0],
			"color": 0,
			"children": [13, 14, 15, 16, 17, 18]
		},
		{
			"name": "Hat",
			"origin": [0, 0, 0],
			"color": 0,
			"children": [19, 20, 21, 22, 23, 24]
		},
		{
			"name": "Bonbon",
			"origin": [0, 0, 0],
			"color": 0,
			"children": [25, 26, 27, 28, 29]
		},
		30,
		31,
		32
	]
}