{
	"credit": "Made with Blockbench",
	"textures": {
		"4": "blocks/bed_head_top",
		"5": "blocks/wool_colored_red",
		"particle": "blocks/bed_feet_top",
		"top": "blocks/bed_feet_top",
		"bottom": "blocks/planks_oak",
		"end": "blocks/bed_feet_end",
		"side": "blocks/bed_feet_side"
	},
	"elements": [
		{
			"from": [0, 0, 0],
			"to": [16, 9, 16],
			"faces": {
				"north": {"uv": [0, 7, 16, 16], "texture": "#end"},
				"east": {"uv": [16, 7, 0, 16], "texture": "#side"},
				"west": {"uv": [0, 7, 16, 16], "texture": "#side"},
				"up": {"uv": [0, 16, 16, 0], "rotation": 90, "texture": "#top"}
			}
		},
		{
			"from": [0, 3, 0],
			"to": [16, 3, 16],
			"faces": {
				"down": {"uv": [0, 0, 16, 16], "texture": "#bottom"}
			}
		},
		{
			"from": [5, 9, 13],
			"to": [6, 10, 17],
			"faces": {
				"north": {"uv": [14, 0, 15, 1], "texture": "#4"},
				"east": {"uv": [14, 0, 15, 1], "texture": "#4"},
				"south": {"uv": [14, 0, 15, 1], "texture": "#4"},
				"west": {"uv": [14, 0, 15, 1], "texture": "#4"},
				"up": {"uv": [14, 0, 15, 1], "texture": "#4"},
				"down": {"uv": [14, 0, 15, 1], "texture": "#4"}
			}
		},
		{
			"from": [10, 9, 13],
			"to": [11, 10, 17],
			"faces": {
				"north": {"uv": [14, 0, 15, 1], "texture": "#4"},
				"east": {"uv": [14, 0, 15, 1], "texture": "#4"},
				"south": {"uv": [14, 0, 15, 1], "texture": "#4"},
				"west": {"uv": [14, 0, 15, 1], "texture": "#4"},
				"up": {"uv": [14, 0, 15, 1], "texture": "#4"},
				"down": {"uv": [14, 0, 15, 1], "texture": "#4"}
			}
		},
		{
			"from": [6, 9, 12],
			"to": [10, 10, 13],
			"faces": {
				"north": {"uv": [14, 0, 15, 1], "texture": "#4"},
				"east": {"uv": [14, 0, 15, 1], "texture": "#4"},
				"south": {"uv": [14, 0, 15, 1], "texture": "#4"},
				"west": {"uv": [14, 0, 15, 1], "texture": "#4"},
				"up": {"uv": [14, 0, 15, 1], "texture": "#4"},
				"down": {"uv": [14, 0, 15, 1], "texture": "#4"}
			}
		},
		{
			"from": [6, 10, 12],
			"to": [10, 11, 13],
			"faces": {
				"north": {"uv": [13, 3, 14, 4], "texture": "#4"},
				"east": {"uv": [13, 3, 14, 4], "texture": "#4"},
				"south": {"uv": [13, 3, 14, 4], "texture": "#4"},
				"west": {"uv": [13, 3, 14, 4], "texture": "#4"},
				"up": {"uv": [13, 3, 14, 4], "texture": "#4"},
				"down": {"uv": [13, 3, 14, 4], "texture": "#4"}
			}
		},
		{
			"from": [5, 10, 13],
			"to": [6, 11, 17],
			"faces": {
				"north": {"uv": [13, 3, 14, 4], "texture": "#4"},
				"east": {"uv": [13, 3, 14, 4], "texture": "#4"},
				"south": {"uv": [13, 3, 14, 4], "texture": "#4"},
				"west": {"uv": [13, 3, 14, 4], "texture": "#4"},
				"up": {"uv": [13, 3, 14, 4], "texture": "#4"},
				"down": {"uv": [13, 3, 14, 4], "texture": "#4"}
			}
		},
		{
			"from": [10, 10, 13],
			"to": [11, 11, 17],
			"faces": {
				"north": {"uv": [13, 3, 14, 4], "texture": "#4"},
				"east": {"uv": [13, 3, 14, 4], "texture": "#4"},
				"south": {"uv": [13, 3, 14, 4], "texture": "#4"},
				"west": {"uv": [13, 3, 14, 4], "texture": "#4"},
				"up": {"uv": [13, 3, 14, 4], "texture": "#4"},
				"down": {"uv": [13, 3, 14, 4], "texture": "#4"}
			}
		},
		{
			"from": [7, 15, 15],
			"to": [9, 16, 17],
			"faces": {
				"north": {"uv": [2, 2, 3, 3], "texture": "#5"},
				"east": {"uv": [1, 1, 2, 2], "texture": "#5"},
				"south": {"uv": [1, 1, 2, 2], "texture": "#5"},
				"west": {"uv": [1, 1, 2, 2], "texture": "#5"},
				"up": {"uv": [1, 1, 2, 2], "texture": "#5"},
				"down": {"uv": [1, 1, 2, 2], "texture": "#5"}
			}
		},
		{
			"from": [6, 11, 13],
			"to": [7, 12, 17],
			"faces": {
				"north": {"uv": [0, 0, 1, 1], "texture": "#5"},
				"east": {"uv": [0, 0, 1, 1], "texture": "#5"},
				"south": {"uv": [0, 0, 1, 1], "texture": "#5"},
				"west": {"uv": [0, 0, 1, 1], "texture": "#5"},
				"up": {"uv": [0, 0, 1, 1], "texture": "#5"},
				"down": {"uv": [0, 0, 1, 1], "texture": "#5"}
			}
		},
		{
			"from": [9, 11, 13],
			"to": [10, 12, 17],
			"faces": {
				"north": {"uv": [0, 0, 1, 1], "texture": "#5"},
				"east": {"uv": [0, 0, 1, 1], "texture": "#5"},
				"south": {"uv": [0, 0, 1, 1], "texture": "#5"},
				"west": {"uv": [0, 0, 1, 1], "texture": "#5"},
				"up": {"uv": [0, 0, 1, 1], "texture": "#5"},
				"down": {"uv": [0, 0, 1, 1], "texture": "#5"}
			}
		},
		{
			"from": [7, 11, 13],
			"to": [9, 12, 14],
			"faces": {
				"north": {"uv": [0, 0, 1, 1], "texture": "#5"},
				"east": {"uv": [0, 0, 1, 1], "texture": "#5"},
				"south": {"uv": [0, 0, 1, 1], "texture": "#5"},
				"west": {"uv": [0, 0, 1, 1], "texture": "#5"},
				"up": {"uv": [0, 0, 1, 1], "texture": "#5"},
				"down": {"uv": [0, 0, 1, 1], "texture": "#5"}
			}
		},
		{
			"from": [6, 12, 13],
			"to": [10, 13, 14],
			"faces": {
				"north": {"uv": [2, 2, 3, 3], "texture": "#5"},
				"east": {"uv": [2, 2, 3, 3], "texture": "#5"},
				"south": {"uv": [2, 2, 3, 3], "texture": "#5"},
				"west": {"uv": [2, 2, 3, 3], "texture": "#5"},
				"up": {"uv": [2, 2, 3, 3], "texture": "#5"},
				"down": {"uv": [2, 2, 3, 3], "texture": "#5"}
			}
		},
		{
			"from": [6, 12, 14],
			"to": [7, 13, 17],
			"faces": {
				"north": {"uv": [2, 2, 3, 3], "texture": "#5"},
				"east": {"uv": [2, 2, 3, 3], "texture": "#5"},
				"south": {"uv": [2, 2, 3, 3], "rotation": 270, "texture": "#5"},
				"west": {"uv": [2, 2, 3, 3], "rotation": 180, "texture": "#5"},
				"up": {"uv": [2, 2, 3, 3], "rotation": 270, "texture": "#5"},
				"down": {"uv": [2, 2, 3, 3], "rotation": 270, "texture": "#5"}
			}
		},
		{
			"from": [7, 13, 14],
			"to": [9, 14, 17],
			"faces": {
				"north": {"uv": [2, 2, 3, 3], "texture": "#5"},
				"east": {"uv": [1, 1, 2, 2], "texture": "#5"},
				"south": {"uv": [1, 1, 2, 2], "texture": "#5"},
				"west": {"uv": [1, 1, 2, 2], "texture": "#5"},
				"up": {"uv": [1, 1, 2, 2], "texture": "#5"},
				"down": {"uv": [1, 1, 2, 2], "texture": "#5"}
			}
		},
		{
			"from": [9, 12, 14],
			"to": [10, 13, 17],
			"faces": {
				"north": {"uv": [2, 2, 3, 3], "texture": "#5"},
				"east": {"uv": [1, 1, 2, 2], "texture": "#5"},
				"south": {"uv": [1, 1, 2, 2], "texture": "#5"},
				"west": {"uv": [1, 1, 2, 2], "texture": "#5"},
				"up": {"uv": [1, 1, 2, 2], "texture": "#5"},
				"down": {"uv": [1, 1, 2, 2], "texture": "#5"}
			}
		},
		{
			"from": [7, 14, 14],
			"to": [9, 15, 17],
			"faces": {
				"north": {"uv": [2, 2, 3, 3], "texture": "#5"},
				"east": {"uv": [1, 1, 2, 2], "texture": "#5"},
				"south": {"uv": [1, 1, 2, 2], "texture": "#5"},
				"west": {"uv": [1, 1, 2, 2], "texture": "#5"},
				"up": {"uv": [1, 1, 2, 2], "texture": "#5"},
				"down": {"uv": [1, 1, 2, 2], "texture": "#5"}
			}
		},
		{
			"from": [0, 9, 0],
			"to": [1, 12, 1],
			"faces": {
				"north": {"uv": [0, 0, 1, 3], "texture": "#bottom"},
				"east": {"uv": [0, 0, 1, 3], "texture": "#bottom"},
				"south": {"uv": [0, 0, 1, 3], "texture": "#bottom"},
				"west": {"uv": [0, 0, 1, 3], "texture": "#bottom"},
				"up": {"uv": [0, 0, 1, 1], "texture": "#bottom"},
				"down": {"uv": [0, 0, 1, 1], "texture": "#bottom"}
			}
		},
		{
			"from": [15, 9, 0],
			"to": [16, 12, 1],
			"faces": {
				"north": {"uv": [0, 0, 1, 3], "texture": "#bottom"},
				"east": {"uv": [0, 0, 1, 3], "texture": "#bottom"},
				"south": {"uv": [0, 0, 1, 3], "texture": "#bottom"},
				"west": {"uv": [0, 0, 1, 3], "texture": "#bottom"},
				"up": {"uv": [0, 0, 1, 1], "texture": "#bottom"},
				"down": {"uv": [0, 0, 1, 1], "texture": "#bottom"}
			}
		},
		{
			"from": [1, 10, 0],
			"to": [15, 11, 1],
			"faces": {
				"north": {"uv": [0, 0, 1, 3], "texture": "#bottom"},
				"east": {"uv": [0, 0, 1, 3], "texture": "#bottom"},
				"south": {"uv": [0, 0, 1, 3], "texture": "#bottom"},
				"west": {"uv": [0, 0, 1, 3], "texture": "#bottom"},
				"up": {"uv": [0, 0, 1, 1], "texture": "#bottom"},
				"down": {"uv": [0, 0, 1, 1], "texture": "#bottom"}
			}
		}
	],
	"groups": [
		0,
		1,
		{
			"name": "Base hat",
			"origin": [0, 0, 0],
			"color": 0,
			"children": [2, 3, 4, 5, 6, 7]
		},
		{
			"name": "group",
			"origin": [0, 0, 0],
			"color": 0,
			"children": [8, 9, 10, 11, 12, 13, 14, 15, 16]
		},
		17,
		18,
		19
	]
}